<?xml version="1.0" encoding="UTF-8"?>
<window>
	<defaultcontrol always="true">50111</defaultcontrol>
	<onload>Dialog.Close(fullscreeninfo,true)</onload>
	<onload>Dialog.Close(videoosd,true)</onload>
	<controls>
		<control type="image">
			<top>0</top>
			<right>0</right>
			<width>600</width>
			<height>1080</height>
			<texture colordiffuse="dd000000">bg.png</texture>
		</control>
		<control type="label">
			<top>0</top>
			<right>0</right>
			<width>600</width>
			<height>40</height>
			<aligny>center</aligny>
			<align>center</align>
			<textcolor>white</textcolor>
			<autoscroll>false</autoscroll>
			<font>font36_title</font>
			<label>Chat</label>
		</control>
		<control type="group" id="33333">
			<top>50</top>
			<right>10</right>
			<width>580</width>
			<height>960</height>
			<defaultcontrol>50111</defaultcontrol>
			<control type="list" id="50111">
				<description>My first list container</description>
				<left>0</left>
				<top>0</top>
				<onup>44444</onup>
				<ondown>44444</ondown>
				<enable>true</enable>
				<height>960</height>
				<width>580</width>
				<visible>true</visible>
				<viewtype label="3D list">list</viewtype>
				<orientation>vertical</orientation>
				<pagecontrol>25</pagecontrol>
				<autoscroll>false</autoscroll>
				<scrolltime tween="sine" easing="out">200</scrolltime>
				<itemlayout width="380" height="150">
					<control type="image">
						<left>2</left>
						<top>2</top>
						<width>30</width>
						<height>30</height>
						<texture>$INFO[ListItem.Thumb]</texture>
					</control> 
					<control type="label">
						<left>34</left>
						<top>2</top>
						<height>30</height>
						<width>548</width>
						<aligny>center</aligny>
						<align>left</align>
						<textcolor>white</textcolor>
						<autoscroll>false</autoscroll>
						<font>font13_title</font>
						<label>$INFO[ListItem.Label]</label>
					</control>
					<control type="textbox">
						<left>2</left>
						<top>34</top>
						<height>116</height>
						<width>576</width>
						<aligny>top</aligny>
						<align>left</align>
						<autoscroll>false</autoscroll>
						<wrapmultiline>false</wrapmultiline>
						<textcolor>white</textcolor>
						<label>$INFO[ListItem.Label2]</label>
					</control>
				</itemlayout>
				<focusedlayout width="380" height="150">
					<control type="image">
						<width>580</width>
						<height>150</height>
						<left>0</left>
						<top>0</top>
						<visible>Control.HasFocus(50111)</visible>
						<texture colordiffuse="button_focus">lists/focus.png</texture>
					</control>
					<control type="image">
						<left>2</left>
						<top>2</top>
						<width>30</width>
						<height>30</height>
						<texture>$INFO[ListItem.Thumb]</texture>
					</control> 
					<control type="label">
						<left>34</left>
						<top>2</top>
						<height>30</height>
						<width>548</width>
						<aligny>center</aligny>
						<align>left</align>
						<textcolor>white</textcolor>
						<autoscroll>false</autoscroll>
						<font>font12_title</font>
						<label>$INFO[ListItem.Label]</label>
					</control>
					<control type="textbox">
						<left>2</left>
						<top>34</top>
						<height>116</height>
						<width>576</width>
						<aligny>top</aligny>
						<align>left</align>
						<autoscroll delay="3000" time="1000" repeat="10000">true</autoscroll>
						<textcolor>white</textcolor>
						<label>$INFO[ListItem.Label2]</label>
					</control>
				</focusedlayout>
			</control>
		</control>
		<control type="group" id="44444">
			<top>1030</top>
			<left>1530</left>
			<height>50</height>
			<width>380</width>
			<onup>33333</onup>
			<ondown>33333</ondown>
			<defaultcontrol>5555</defaultcontrol>
			<control type="button" id="5555">
				<description>My first button control</description>
				<left>10</left>
				<top>5</top>
				<width>185</width>
				<height>50</height>
				<visible>true</visible>
				<colordiffuse>FFFFFFFF</colordiffuse>
				<texturefocus colordiffuse="button_focus">lists/focus.png</texturefocus>
				<texturenofocus colordiffuse="FFFFAAFF">mynormaltexture.png</texturenofocus>
				<label>Cancel</label>
				<wrapmultiline>true</wrapmultiline>
				<font>font12</font>
				<textcolor>FFFFFFFF</textcolor>
				<focusedcolor>FFFFFFFF</focusedcolor>
				<disabledcolor>80FFFFFF</disabledcolor>
				<invalidcolor>FFFFFFFF</invalidcolor>
				<align>center</align>
				<aligny/>
				<textoffsetx/>
				<textoffsety/>
				<pulseonselect/>
				<onfocus/>
				<onunfocus/>
				<onleft>7777</onleft>
				<onright>7777</onright>
			</control>
			<control type="button" id="7777">
				<description>My first button control</description>
				<left>210</left>
				<top>5</top>
				<width>185</width>
				<height>50</height>
				<visible>true</visible>
				<colordiffuse>FFFFFFFF</colordiffuse>
				<texturefocus colordiffuse="button_focus">lists/focus.png</texturefocus>
				<texturenofocus colordiffuse="FFFFAAFF">mynormaltexture.png</texturenofocus>
				<label>Reply</label>
				<wrapmultiline>true</wrapmultiline>
				<font>font12</font>
				<textcolor>FFFFFFFF</textcolor>
				<focusedcolor>FFFFFFFF</focusedcolor>
				<disabledcolor>80FFFFFF</disabledcolor>
				<invalidcolor>FFFFFFFF</invalidcolor>
				<align>center</align>
				<aligny/>
				<textoffsetx/>
				<textoffsety/>
				<pulseonselect/>
				<onfocus/>
				<onunfocus/>
				<onleft>5555</onleft>
				<onright>5555</onright>
			</control>
		</control>
	</controls>
</window>
