<?xml version="1.0" encoding="UTF-8"?>
<window>
	<defaultcontrol always="true">60111</defaultcontrol>
	<onload>Dialog.Close(fullscreeninfo,true)</onload>
	<onload>Dialog.Close(videoosd,true)</onload>

	<controls>
		<control type="image">
			<top>730</top>
			<left>0</left>
			<width>1920</width>
			<height>350</height>
			<texture colordiffuse="dd000000">bg.png</texture>
		</control>
		<control type="group" id="33333">
			<top>730</top>
			<left>0</left>
			<width>1920</width>
			<height>350</height>
			<control type="label" id="6011">
				<top>0</top>
				<left>0</left>
				<width>1920</width>
				<height>40</height>
				<aligny>center</aligny>
				<align>center</align>
				<textcolor>white</textcolor>
				<autoscroll>false</autoscroll>
				<font>font13</font>
				<label/>
			</control>
			<control type="list" id="60111">
				<description>My first list container</description>
				<left>0</left>
				<top>50</top>
				<enable>true</enable>
				<height>300</height>
				<width>1920</width>
				<visible>true</visible>
				<onup>200</onup>
				<ondown>87</ondown>
				<viewtype label="3D list">list</viewtype>
				<orientation>horizontal</orientation>
				<pagecontrol>25</pagecontrol>
				<autoscroll>false</autoscroll>
				<scrolltime tween="sine" easing="out">200</scrolltime>
				<itemlayout width="300" height="300">
					<control type="image">
						<left>2</left>
						<top>50</top>
						<width>296</width>
						<height>250</height>
						<texture>$INFO[ListItem.Thumb]</texture>
					</control> 
					<control type="label">
						<left>2</left>
						<top>2</top>
						<height>28</height>
						<width>296</width>
						<aligny>center</aligny>
						<align>left</align>
						<textcolor>white</textcolor>
						<autoscroll>false</autoscroll>
						<font>font13_title</font>
						<label>$INFO[ListItem.Label]</label>
					</control>
				</itemlayout>
				<focusedlayout width="300" height="300">
					<control type="image">
						<width>300</width>
						<height>300</height>
						<left>0</left>
						<top>0</top>
						<visible>Control.HasFocus(60111)</visible>
						<texture colordiffuse="button_focus">lists/focus.png</texture>
					</control>
					<control type="image">
						<left>2</left>
						<top>50</top>
						<width>296</width>
						<height>250</height>
						<texture>$INFO[ListItem.Thumb]</texture>
					</control> 
					<control type="label">
						<left>2</left>
						<top>2</top>
						<height>28</height>
						<width>296</width>
						<aligny>center</aligny>
						<align>left</align>
						<textcolor>white</textcolor>
						<autoscroll>false</autoscroll>
						<font>font13_title</font>
						<label>$INFO[ListItem.Label]</label>
					</control>
				</focusedlayout>
			</control>
			<!--<control type="label" id="6012">
				<top>0</top>
				<right>0</right>
				<width>400</width>
				<height>40</height>
				<aligny>center</aligny>
				<align>center</align>
				<textcolor>white</textcolor>
				<autoscroll>false</autoscroll>
				<font>font13</font>
				<label></label>
			</control>
			<control type="list" id="60112">
				<description>My first list container</description>
				<left>0</left>
				<top>0</top>
				<enable>true</enable>
				<height>960</height>
				<width>380</width>
				<enabled>false</enabled>
				<visible>false</visible>
				<onup>200</onup>
				<ondown>87</ondown>
				<viewtype label="3D list">list</viewtype>
				<orientation>vertical</orientation>
				<pagecontrol>25</pagecontrol>
				<autoscroll>true</autoscroll>
				<scrolltime tween="sine" easing="out">200</scrolltime>
				<itemlayout width="380" height="150">
					<control type="image">
						<left>2</left>
						<top>2</top>
						<width>30</width>
						<height>30</height>
						<texture>$INFO[ListItem.Thumb]</texture>
					</control> 
					<control type="label">
						<left>34</left>
						<top>2</top>
						<height>30</height>
						<width>348</width>
						<aligny>center</aligny>
						<align>left</align>
						<textcolor>white</textcolor>
						<autoscroll>false</autoscroll>
						<font>font13_title</font>
						<label>$INFO[ListItem.Label]</label>
					</control>
					<control type="label">
						<left>2</left>
						<top>34</top>
						<height>116</height>
						<width>376</width>
						<aligny>top</aligny>
						<align>left</align>
						<autoscroll>false</autoscroll>
						<wrapmultiline>true</wrapmultiline>
						<textcolor>white</textcolor>
						<label>$INFO[ListItem.Label2]</label>
					</control>
				</itemlayout>
				<focusedlayout width="380" height="150">
					<control type="image">
						<width>380</width>
						<height>150</height>
						<left>0</left>
						<top>0</top>
						<visible>Control.HasFocus(50111)</visible>
						<texture colordiffuse="button_focus">lists/focus.png</texture>
					</control>
					<control type="image">
						<left>2</left>
						<top>2</top>
						<width>30</width>
						<height>30</height>
						<texture>$INFO[ListItem.Thumb]</texture>
					</control> 
					<control type="label">
						<left>34</left>
						<top>2</top>
						<height>30</height>
						<width>348</width>
						<aligny>center</aligny>
						<align>left</align>
						<textcolor>white</textcolor>
						<autoscroll>false</autoscroll>
						<font>font12_title</font>
						<label>$INFO[ListItem.Label]</label>
					</control>
					<control type="label">
						<left>2</left>
						<top>34</top>
						<height>116</height>
						<width>376</width>
						<aligny>top</aligny>
						<align>left</align>
						<autoscroll>false</autoscroll>
						<wrapmultiline>true</wrapmultiline>
						<textcolor>white</textcolor>
						<label>$INFO[ListItem.Label2]</label>
					</control>
				</focusedlayout>
			</control>
			<control type="label" id="6013">
				<top>0</top>
				<right>0</right>
				<width>400</width>
				<height>40</height>
				<aligny>center</aligny>
				<align>center</align>
				<textcolor>white</textcolor>
				<autoscroll>false</autoscroll>
				<font>font13</font>
				<label></label>
			</control>
			<control type="list" id="60113">
				<description>My first list container</description>
				<left>0</left>
				<top>0</top>
				<enable>true</enable>
				<height>960</height>
				<width>380</width>
				<enabled>false</enabled>
				<visible>false</visible>
				<onup>200</onup>
				<ondown>87</ondown>
				<viewtype label="3D list">list</viewtype>
				<orientation>vertical</orientation>
				<pagecontrol>25</pagecontrol>
				<autoscroll>true</autoscroll>
				<scrolltime tween="sine" easing="out">200</scrolltime>
				<itemlayout width="380" height="150">
					<control type="image">
						<left>2</left>
						<top>2</top>
						<width>30</width>
						<height>30</height>
						<texture>$INFO[ListItem.Thumb]</texture>
					</control> 
					<control type="label">
						<left>34</left>
						<top>2</top>
						<height>30</height>
						<width>348</width>
						<aligny>center</aligny>
						<align>left</align>
						<textcolor>white</textcolor>
						<autoscroll>false</autoscroll>
						<font>font13_title</font>
						<label>$INFO[ListItem.Label]</label>
					</control>
					<control type="label">
						<left>2</left>
						<top>34</top>
						<height>116</height>
						<width>376</width>
						<aligny>top</aligny>
						<align>left</align>
						<autoscroll>false</autoscroll>
						<wrapmultiline>true</wrapmultiline>
						<textcolor>white</textcolor>
						<label>$INFO[ListItem.Label2]</label>
					</control>
				</itemlayout>
				<focusedlayout width="380" height="150">
					<control type="image">
						<width>380</width>
						<height>150</height>
						<left>0</left>
						<top>0</top>
						<visible>Control.HasFocus(50111)</visible>
						<texture colordiffuse="button_focus">lists/focus.png</texture>
					</control>
					<control type="image">
						<left>2</left>
						<top>2</top>
						<width>30</width>
						<height>30</height>
						<texture>$INFO[ListItem.Thumb]</texture>
					</control> 
					<control type="label">
						<left>34</left>
						<top>2</top>
						<height>30</height>
						<width>348</width>
						<aligny>center</aligny>
						<align>left</align>
						<textcolor>white</textcolor>
						<autoscroll>false</autoscroll>
						<font>font12_title</font>
						<label>$INFO[ListItem.Label]</label>
					</control>
					<control type="label">
						<left>2</left>
						<top>34</top>
						<height>116</height>
						<width>376</width>
						<aligny>top</aligny>
						<align>left</align>
						<autoscroll>false</autoscroll>
						<wrapmultiline>true</wrapmultiline>
						<textcolor>white</textcolor>
						<label>$INFO[ListItem.Label2]</label>
					</control>
				</focusedlayout>
			</control>
			<control type="label" id="6014">
				<top>0</top>
				<right>0</right>
				<width>400</width>
				<height>40</height>
				<aligny>center</aligny>
				<align>center</align>
				<textcolor>white</textcolor>
				<autoscroll>false</autoscroll>
				<font>font13</font>
				<label></label>
			</control>
			<control type="list" id="60114">
				<description>My first list container</description>
				<left>0</left>
				<top>0</top>
				<enable>true</enable>
				<height>960</height>
				<width>380</width>
				<enabled>false</enabled>
				<visible>false</visible>
				<onup>200</onup>
				<ondown>87</ondown>
				<viewtype label="3D list">list</viewtype>
				<orientation>vertical</orientation>
				<pagecontrol>25</pagecontrol>
				<autoscroll>true</autoscroll>
				<scrolltime tween="sine" easing="out">200</scrolltime>
				<itemlayout width="380" height="150">
					<control type="image">
						<left>2</left>
						<top>2</top>
						<width>30</width>
						<height>30</height>
						<texture>$INFO[ListItem.Thumb]</texture>
					</control> 
					<control type="label">
						<left>34</left>
						<top>2</top>
						<height>30</height>
						<width>348</width>
						<aligny>center</aligny>
						<align>left</align>
						<textcolor>white</textcolor>
						<autoscroll>false</autoscroll>
						<font>font13_title</font>
						<label>$INFO[ListItem.Label]</label>
					</control>
					<control type="label">
						<left>2</left>
						<top>34</top>
						<height>116</height>
						<width>376</width>
						<aligny>top</aligny>
						<align>left</align>
						<autoscroll>false</autoscroll>
						<wrapmultiline>true</wrapmultiline>
						<textcolor>white</textcolor>
						<label>$INFO[ListItem.Label2]</label>
					</control>
				</itemlayout>
				<focusedlayout width="380" height="150">
					<control type="image">
						<width>380</width>
						<height>150</height>
						<left>0</left>
						<top>0</top>
						<visible>Control.HasFocus(50111)</visible>
						<texture colordiffuse="button_focus">lists/focus.png</texture>
					</control>
					<control type="image">
						<left>2</left>
						<top>2</top>
						<width>30</width>
						<height>30</height>
						<texture>$INFO[ListItem.Thumb]</texture>
					</control> 
					<control type="label">
						<left>34</left>
						<top>2</top>
						<height>30</height>
						<width>348</width>
						<aligny>center</aligny>
						<align>left</align>
						<textcolor>white</textcolor>
						<autoscroll>false</autoscroll>
						<font>font12_title</font>
						<label>$INFO[ListItem.Label]</label>
					</control>
					<control type="label">
						<left>2</left>
						<top>34</top>
						<height>116</height>
						<width>376</width>
						<aligny>top</aligny>
						<align>left</align>
						<autoscroll>false</autoscroll>
						<wrapmultiline>true</wrapmultiline>
						<textcolor>white</textcolor>
						<label>$INFO[ListItem.Label2]</label>
					</control>
				</focusedlayout>
			</control>-->
		</control>
	</controls>
</window>
