<?xml version="1.0" encoding="UTF-8" standalone="yes"?>
<addon id="plugin.program.extrabuttons" name="extrabuttons" version="0.0.1" provider-name="Benjamin Hebgen (Takezo36)">
	<requires>
		<import addon="xbmc.python" version="3.0.0" />
		<import addon="script.module.simplejson" version="3.17.0+matrix.2" />
		<import addon="plugin.video.youtube" version="6.8.2+matrix.1" optional="true"/>

	</requires>

	<extension point="xbmc.python.pluginsource" library="plugin.py">
		<provides>executable</provides>
	</extension>
	<extension point="xbmc.service" library="service.py"/>
	<extension point="xbmc.addon.metadata">
		<summary lang="en">app launcher for os apps</summary>
		<description lang="en">app launcher showing app structure provided by the OS. Meaning Startmenu in Windows or .desktop files in linux</description>
		<platform>all</platform>
		<license>GNU GENERAL PUBLIC LICENSE Version 2.1, February 1999</license>
		<source>https://github.com/Takezo36/applauncherkodi</source>
	</extension>
</addon>
